{"female_smiling": 0.9345713042216741, "male_not_smiling": 0.916901103657217, "female_not_smiling": 0.9109077325364213, "male_smiling": 0.8849385908209437}