{"female_smiling": 0.9202089075874075, "male_not_smiling": 0.9391906513741615, "female_not_smiling": 0.9329473290997385, "male_smiling": 0.8587588881706528}